feature,overall_mean_importance,overall_std_importance,conditional_mean_importance,n_folds_selected,selection_frequency,overall_sem_importance,cv_importance_all_folds,feature_type
CCC_Sender_CCL5_to_CCR1,0.06765737625663608,0.02385703176581188,0.06765737625663608,32,1.0,0.004217367235147113,0.35261538483724303,Cell-to-cell communication
CCC_Sender_HLA-F_to_LILRB2,0.03856497739780692,0.016922615076665676,0.03856497739780692,32,1.0,0.0029915239690300015,0.4388078567272288,Cell-to-cell communication
CCC_Sender_HLA-B_to_KIR3DL2,0.030674728763409796,0.035189438813736505,0.030674728763409796,32,1.0,0.006220672702835545,1.1471801131526893,Cell-to-cell communication
CCC_Sender_HLA-C_to_KIR2DL3,0.027659583264507688,0.018114703010564802,0.027659583264507688,32,1.0,0.0032022573344876845,0.6549159774872416,Cell-to-cell communication
CCC_Sender_HLA-E_to_KLRC2,0.024413065514770946,0.010121584662289906,0.024413065514770946,32,1.0,0.001789260287764736,0.4145970384655674,Cell-to-cell communication
CCC_Sender_HLA-G_to_LILRB2,0.02420523726064302,0.010694861108959116,0.02420523726064302,32,1.0,0.0018906022034983175,0.44184078816482564,Cell-to-cell communication
CCC_Sender_CCL5_to_CCR5,0.02171898165097931,0.00921718303792447,0.02171898165097931,32,1.0,0.0016293831573885036,0.4243837573070037,Cell-to-cell communication
CCC_Receiver_LGALS9_to_P4HB,0.018742967403248552,0.00985862010671612,0.018742967403248552,32,1.0,0.0017427742826502533,0.5259903565220635,Cell-to-cell communication
CCC_Sender_HLA-E_to_KLRC1,0.01567166075950675,0.006071994977914056,0.01567166075950675,32,1.0,0.0010733872060534225,0.38745063915645694,Cell-to-cell communication
CCC_Sender_HLA-E_to_KLRK1,0.014080763273585001,0.008471885294095734,0.014080763273585001,32,1.0,0.0014976318852224205,0.6016637826721142,Cell-to-cell communication
CCC_Sender_CCL5_to_CCR4,0.009085378551650264,0.004099570439554726,0.009085378551650264,32,1.0,0.0007247085144402655,0.4512272566573555,Cell-to-cell communication
CCC_Sender_HLA-F_to_KIR3DL2,0.00886984832801716,0.008780420263274658,0.00886984832801716,32,1.0,0.0015521736774573203,0.9899177458919984,Cell-to-cell communication
CCC_Sender_LGALS9_to_HAVCR2,0.00845333568967442,0.003353020091090285,0.00845333568967442,32,1.0,0.0005927358109661689,0.39665053112535587,Cell-to-cell communication
CCC_Sender_CCL3_to_CCR1,0.008205377837039495,0.0030629111164946045,0.008205377837039495,32,1.0,0.0005414513051612486,0.3732809356649571,Cell-to-cell communication
CCC_Sender_CCL4_to_CCR5,0.007955870802633774,0.003596638427471974,0.007955870802633774,32,1.0,0.0006358018553853884,0.45207350856945977,Cell-to-cell communication
CCC_Receiver_LGALS9_to_HAVCR2,0.007286501385087122,0.0033228369266706556,0.007286501385087122,32,1.0,0.0005874001309064718,0.4560263905900466,Cell-to-cell communication
CCC_Sender_HLA-F_to_LILRB1,0.0054744727860364965,0.004532148980391613,0.0054744727860364965,32,1.0,0.0008011783193456516,0.8278694876247392,Cell-to-cell communication
CCC_Receiver_ICAM1_to_ITGAL,0.005467348887929703,0.0022475717780702695,0.005467348887929703,32,1.0,0.0003973183113692484,0.4110898763077378,Cell-to-cell communication
CCC_Receiver_PVR_to_CD96,0.00497371046907211,0.0036348637016764746,0.00497371046907211,32,1.0,0.0006425591930360677,0.7308152986143945,Cell-to-cell communication
CCC_Sender_CCL3_to_CCR5,0.0049721487468746325,0.0018223932256277505,0.0049721487468746325,32,1.0,0.00032215665195745204,0.36652025480397404,Cell-to-cell communication
CCC_Sender_HLA-G_to_LILRB1,0.004211111642793303,0.002660403512691077,0.004211111642793303,32,1.0,0.0004702973411290929,0.6317580103210908,Cell-to-cell communication
CCC_Receiver_PVR_to_TIGIT,0.004076049512437777,0.0027909107932741024,0.004076049512437777,32,1.0,0.0004933679869027111,0.6847097378866069,Cell-to-cell communication
CCC_Receiver_CCL3_to_CCR5,0.003912612096232097,0.0022679950576496356,0.003912612096232097,32,1.0,0.000400928671240408,0.5796626401665905,Cell-to-cell communication
CCC_Sender_LGALS9_to_P4HB,0.0035917521434235566,0.001790299180887893,0.0035917521434235566,32,1.0,0.00031648317278963763,0.4984473063281673,Cell-to-cell communication
CCC_Receiver_TNF_to_TNFRSF1B,0.0031027598155608203,0.0016298009858283194,0.0031027598155608203,32,1.0,0.0002881108322659312,0.5252746208889955,Cell-to-cell communication
CCC_Receiver_CD86_to_CTLA4,0.0030538617428439033,0.0021240177922203824,0.0030538617428439033,32,1.0,0.0003754768460599779,0.6955186485431376,Cell-to-cell communication
CCC_Receiver_CD274_to_PDCD1,0.0030372905563703758,0.0020064782447909353,0.0030372905563703758,32,1.0,0.0003546985932987379,0.6606145205905877,Cell-to-cell communication
CCC_Receiver_CCL4_to_CCR5,0.003022407717445925,0.0017868948587647308,0.003022407717445925,32,1.0,0.0003158813679749798,0.5912156882244662,Cell-to-cell communication
CCC_Sender_SELPLG_to_SELL,0.002773551185943889,0.00220187745051375,0.002773551185943889,32,1.0,0.0003892406191500048,0.7938838344403627,Cell-to-cell communication
CCC_Receiver_TNFSF14_to_TNFRSF14,0.002281242374873054,0.001688384947256838,0.002281242374873054,32,1.0,0.00029846711136465037,0.7401164233374338,Cell-to-cell communication
CCC_Sender_LTB_to_LTBR,0.0022019916904905093,0.0019348510233166277,0.0022019916904905093,32,1.0,0.0003420365697932295,0.8786822546481208,Cell-to-cell communication
CCC_Receiver_LTA_to_TNFRSF1B,0.0018730515342878634,0.0011787500919782472,0.0018730515342878634,32,1.0,0.00020837554584052128,0.6293206942789268,Cell-to-cell communication
CCC_Receiver_BTLA_to_TNFRSF14,0.0016911626767229795,0.0015301263349388084,0.0016911626767229795,32,1.0,0.0002704906768768375,0.9047777342767425,Cell-to-cell communication
CCC_Receiver_CSF1_to_CSF1R,0.0009336731922743257,0.0003552257815158124,0.0009336731922743257,32,1.0,6.279563974053047e-05,0.38046051279519044,Cell-to-cell communication
CCC_Receiver_CD86_to_CD28,0.0009037770432890382,0.000667087183566844,0.0009037770432890382,32,1.0,0.00011792546778568765,0.7381103431651361,Cell-to-cell communication
CCC_Sender_TNF_to_TNFRSF1A,0.000851135711133428,0.0008211457190377984,0.000851135711133428,32,1.0,0.00014515942656848267,0.9647647352785926,Cell-to-cell communication
CCC_Receiver_LTA_to_TNFRSF14,0.0008204935545245461,0.0009942786926267675,0.0008204935545245461,32,1.0,0.00017576530148642055,1.2118056103474513,Cell-to-cell communication
CCC_Receiver_CCL5_to_CCR5,0.0008126918782223827,0.0005638790520249403,0.0008126918782223827,32,1.0,9.968067536396932e-05,0.6938411311041084,Cell-to-cell communication
CCC_Receiver_TNF_to_TNFRSF1A,0.0007125241951095052,0.0008258273953816022,0.0007125241951095052,32,1.0,0.00014598703784098876,1.159016635574998,Cell-to-cell communication
CCC_Receiver_SELPLG_to_SELL,0.0006700076678593591,0.0006784996555395062,0.0006700076678593591,32,1.0,0.00011994292686618036,1.0126744634240956,Cell-to-cell communication
CCC_Receiver_CCL3L1_to_CCR1,0.0005555537671500096,0.00032903117329437557,0.0005555537671500096,32,1.0,5.816504346455475e-05,0.5922580184854208,Cell-to-cell communication
CCC_Receiver_CXCL16_to_CXCR6,0.0005380536136512789,0.0002872453039746702,0.0005380536136512789,32,1.0,5.0778275576120104e-05,0.53386000332829,Cell-to-cell communication
CCC_Receiver_HLA-E_to_KLRK1,0.0005212826089207909,0.0005379077953274593,0.0005212826089207909,32,1.0,9.508956243228798e-05,1.0318928468400037,Cell-to-cell communication
CCC_Receiver_ICOSLG_to_ICOS,0.00047452979623132204,0.0003982832676206976,0.00047452979623132204,32,1.0,7.040719984193294e-05,0.8393219367547237,Cell-to-cell communication
CCC_Receiver_TNFSF4_to_TNFRSF4,0.00047050125828541954,0.0006188368649787273,0.00047050125828541954,32,1.0,0.00010939593591867049,1.3152714346266916,Cell-to-cell communication
CCC_Receiver_HLA-G_to_LILRB2,0.00046472405183367154,0.0003081179295508051,0.00046472405183367154,32,1.0,5.4468069347633295e-05,0.6630126595235553,Cell-to-cell communication
CCC_Receiver_TNFSF14_to_LTBR,0.0004556865021334238,0.0002836042461176585,0.0004556865021334238,32,1.0,5.0134621400773724e-05,0.6223670106309621,Cell-to-cell communication
CCC_Sender_CXCL13_to_CXCR5,0.0004320621332763293,0.00044113584772805393,0.0004320621332763293,32,1.0,7.798253733824578e-05,1.0210009481342848,Cell-to-cell communication
CCC_Sender_CCL3L1_to_CCR1,0.0004141614902129357,0.00024906451116385843,0.0004141614902129357,32,1.0,4.402880119921921e-05,0.6013705210395229,Cell-to-cell communication
CCC_Receiver_FASLG_to_FAS,0.00035791592122929564,0.00044294032976896486,0.00035791592122929564,32,1.0,7.830152771016015e-05,1.237554139105198,Cell-to-cell communication
CCC_Receiver_HLA-F_to_LILRB2,0.0003574214686961672,0.00026953677543815527,0.0003574214686961672,32,1.0,4.764782042286881e-05,0.7541146770545002,Cell-to-cell communication
CCC_Sender_CD86_to_CTLA4,0.0003039196343394045,0.00019290135675004605,0.0003039196343394045,32,1.0,3.4100464364510734e-05,0.634711729531176,Cell-to-cell communication
CCC_Receiver_VEGFA_to_NRP1,0.00027055770437278947,0.00016265576053503693,0.00027055770437278947,32,1.0,2.8753747818344955e-05,0.6011869479455694,Cell-to-cell communication
CCC_Receiver_TNFSF9_to_TNFRSF9,0.00027007779104135684,0.00028441141716324317,0.00027007779104135684,32,1.0,5.0277310430751315e-05,1.0530722132561112,Cell-to-cell communication
CCC_Sender_CXCL16_to_CXCR6,0.00025130882373528127,0.00028693226007214936,0.00025130882373528127,32,1.0,5.0722936709549715e-05,1.1417516337364755,Cell-to-cell communication
CCC_Receiver_TNFSF12_to_TNFRSF25,0.00023175750386450272,0.0003039173215793757,0.00023175750386450272,32,1.0,5.37254997522073e-05,1.3113591426884772,Cell-to-cell communication
CCC_Sender_ICAM1_to_ITGAL,0.00021961642153116794,0.00022690206777995227,0.00021961642153116794,32,1.0,4.011099769811347e-05,1.0331744147272264,Cell-to-cell communication
CCC_Sender_TNFSF10_to_TNFRSF10B,0.00020973873416720842,0.00022558101317695205,0.00020973873416720842,32,1.0,3.987746603108868e-05,1.07553339669302,Cell-to-cell communication
CCC_Receiver_VEGFB_to_NRP1,0.00016116461131910262,0.00012820141430532699,0.00016116461131910262,32,1.0,2.2663022353250693e-05,0.7954687648611073,Cell-to-cell communication
CCC_Sender_TNF_to_TNFRSF1B,0.00015746083995641478,0.00023583626474076852,0.00015746083995641478,32,1.0,4.1690355511975824e-05,1.4977455017136203,Cell-to-cell communication
CCC_Receiver_TGFB1_to_TGFBR3,0.00015255213571506798,0.00022055681837585112,0.00015255213571506798,32,1.0,3.898930547762351e-05,1.445779944948133,Cell-to-cell communication
CCC_Sender_TNFSF10_to_TNFRSF10D,0.0001522024263650601,0.0002468918055414645,0.0001522024263650601,32,1.0,4.3644717479439986e-05,1.6221279215962714,Cell-to-cell communication
CCC_Sender_TNFSF9_to_TNFRSF9,0.0001516861222977976,0.00013330876646172696,0.0001516861222977976,32,1.0,2.356588318917523e-05,0.8788461623404723,Cell-to-cell communication
CCC_Sender_CSF1_to_CSF1R,0.00015034914340940315,0.00011694459805525904,0.00015034914340940315,32,1.0,2.06730795770022e-05,0.7778201817672948,Cell-to-cell communication
CCC_Receiver_LTA_to_TNFRSF1A,0.00014528060870240013,0.0003035786907308118,0.00014528060870240013,32,1.0,5.3665637709872676e-05,2.0896022768783764,Cell-to-cell communication
CCC_Receiver_LTB_to_LTBR,0.00014370761484977884,0.00013026294357384993,0.00014370761484977884,32,1.0,2.302745268459747e-05,0.9064442667844501,Cell-to-cell communication
CCC_Receiver_CCL2_to_CCR2,0.00014058671782663434,0.00024126360454843518,0.00014058671782663434,32,1.0,4.264978270742702e-05,1.7161194761367953,Cell-to-cell communication
CCC_Receiver_CCL3_to_CCR1,0.00013063516771573844,0.0001561409937480795,0.00013063516771573844,32,1.0,2.7602088875118332e-05,1.1952447145614082,Cell-to-cell communication
CCC_Sender_CXCL2_to_DPP4,0.00012060549154612073,0.00016582572378959342,0.00012060549154612073,32,1.0,2.9314123446697225e-05,1.3749433932382757,Cell-to-cell communication
CCC_Receiver_CCL5_to_CCR1,0.0001056173710009471,0.0001254827958632008,0.0001056173710009471,32,1.0,2.2182433969279134e-05,1.1880886133974644,Cell-to-cell communication
CCC_Sender_CD86_to_CD28,0.00010299376585773009,0.00012248351024292964,0.00010299376585773009,32,1.0,2.1652230169076875e-05,1.1892322726806748,Cell-to-cell communication
CCC_Receiver_CXCL13_to_CXCR5,9.657697703867469e-05,0.00011424711142130287,9.657697703867469e-05,32,1.0,2.019622680424458e-05,1.1829642521897543,Cell-to-cell communication
CCC_Receiver_HLA-F_to_LILRB1,8.946123994341287e-05,9.48522627638653e-05,8.946123994341287e-05,32,1.0,1.676766955280435e-05,1.0602609892715822,Cell-to-cell communication
CCC_Sender_VEGFA_to_NRP1,8.838685326528234e-05,0.00018988684660954625,8.838685326528234e-05,32,1.0,3.356756922393498e-05,2.1483607526972825,Cell-to-cell communication
CCC_Receiver_HLA-G_to_LILRB1,8.770254621761444e-05,8.269607505264889e-05,8.770254621761444e-05,32,1.0,1.4618738861809927e-05,0.9429153270813472,Cell-to-cell communication
CCC_Sender_TNFSF10_to_TNFRSF10A,8.643924731736543e-05,7.835018452531965e-05,8.643924731736543e-05,32,1.0,1.3850486696267704e-05,0.9064190973071938,Cell-to-cell communication
CCC_Sender_TGFB1_to_TGFBR3,7.327074099242076e-05,0.00010707005469510777,7.327074099242076e-05,32,1.0,1.892749043423131e-05,1.4612934610035302,Cell-to-cell communication
CCC_Sender_TNFSF14_to_LTBR,7.108532756061419e-05,0.00011412981074616994,7.108532756061419e-05,32,1.0,2.0175490778538515e-05,1.605532599520652,Cell-to-cell communication
CCC_Receiver_CD40LG_to_CD40,6.279943540875733e-05,8.85191322351559e-05,6.279943540875733e-05,32,1.0,1.5648119667056863e-05,1.4095529945291831,Cell-to-cell communication
CCC_Sender_TNFSF12_to_TNFRSF25,6.153417214127594e-05,7.099309283270808e-05,6.153417214127594e-05,32,1.0,1.254992433985349e-05,1.153718175808321,Cell-to-cell communication
CCC_Sender_BTLA_to_TNFRSF14,6.129326189005e-05,0.0002256255099421443,6.129326189005e-05,32,1.0,3.9885332022190755e-05,3.6810817859046114,Cell-to-cell communication
CCC_Sender_VEGFA_to_NRP2,5.9984850407892225e-05,9.208698087639101e-05,5.9984850407892225e-05,32,1.0,1.6278832159173e-05,1.53517063475539,Cell-to-cell communication
CCC_Receiver_HLA-E_to_KLRC1,5.446550550509047e-05,5.651292653144788e-05,5.446550550509047e-05,32,1.0,9.990168393770988e-06,1.037591150717697,Cell-to-cell communication
CCC_Sender_FASLG_to_FAS,5.0154292621860155e-05,8.284433255313849e-05,5.0154292621860155e-05,32,1.0,1.4644947332799417e-05,1.65178947249333,Cell-to-cell communication
CCC_Sender_VEGFB_to_NRP1,4.940705552020949e-05,0.0001672072793000196,4.940705552020949e-05,32,1.0,2.9558350264199224e-05,3.384279381547541,Cell-to-cell communication
CCC_Sender_TNFSF14_to_TNFRSF14,4.756280292412658e-05,6.989666677002454e-05,4.756280292412658e-05,32,1.0,1.235610176385519e-05,1.4695657630086585,Cell-to-cell communication
CCC_Receiver_PVR_to_CD226,4.4716714803361456e-05,9.721480525409613e-05,4.4716714803361456e-05,32,1.0,1.7185312006725244e-05,2.174014922196124,Cell-to-cell communication
CCC_Sender_LTA_to_TNFRSF1A,4.428987073236705e-05,7.037710943275276e-05,4.428987073236705e-05,32,1.0,1.2441032830051803e-05,1.5890113985209975,Cell-to-cell communication
CCC_Receiver_TNFSF10_to_TNFRSF10B,4.085569853540473e-05,7.975065435276684e-05,4.085569853540473e-05,32,1.0,1.4098057124226469e-05,1.9520080970750386,Cell-to-cell communication
CCC_Sender_LTA_to_TNFRSF14,3.931966808309282e-05,5.9172198871145756e-05,3.931966808309282e-05,32,1.0,1.0460265769876533e-05,1.5049007724607264,Cell-to-cell communication
CCC_Receiver_VEGFA_to_NRP2,3.919565361891822e-05,0.0001417614446706207,3.919565361891822e-05,32,1.0,2.5060119709349364e-05,3.616764400688498,Cell-to-cell communication
CCC_Receiver_CXCL2_to_DPP4,3.754188743927201e-05,8.557887194251198e-05,3.754188743927201e-05,32,1.0,1.5128350169211347e-05,2.279556990333661,Cell-to-cell communication
CCC_Sender_CCL2_to_CCR2,3.5538116493094276e-05,8.055512815067867e-05,3.5538116493094276e-05,32,1.0,1.4240269343674059e-05,2.2667247479570856,Cell-to-cell communication
CCC_Sender_LTA_to_TNFRSF1B,3.155638208557356e-05,3.963949061109816e-05,3.155638208557356e-05,32,1.0,7.007338153471997e-06,1.25614813838941,Cell-to-cell communication
CCC_Receiver_HLA-E_to_KLRC2,3.0939851946014064e-05,3.8001464487646483e-05,3.0939851946014064e-05,32,1.0,6.717773308558649e-06,1.228236791628932,Cell-to-cell communication
CCC_Sender_CD274_to_PDCD1,2.9028191511294403e-05,5.380155770853157e-05,2.9028191511294403e-05,32,1.0,9.51086157352551e-06,1.853424374976934,Cell-to-cell communication
CCC_Receiver_TNFSF10_to_TNFRSF10A,2.7592986320223757e-05,3.596860511827631e-05,2.7592986320223757e-05,32,1.0,6.358411147238585e-06,1.3035415848379486,Cell-to-cell communication
CCC_Receiver_CCL5_to_CCR4,2.4554569431731686e-05,3.749885023739363e-05,2.4554569431731686e-05,32,1.0,6.628922822389953e-06,1.5271638275576582,Cell-to-cell communication
CCC_Sender_ICOSLG_to_ICOS,2.392955051144411e-05,4.953988618026932e-05,2.392955051144411e-05,32,1.0,8.75749736431954e-06,2.070238893813625,Cell-to-cell communication
CCC_Sender_CD40LG_to_CD40,2.138611211896157e-05,3.1838863211579353e-05,2.138611211896157e-05,32,1.0,5.628369020544664e-06,1.4887635038324736,Cell-to-cell communication
CCC_Receiver_HLA-F_to_KIR3DL2,1.983913998040756e-05,2.874205112072156e-05,1.983913998040756e-05,32,1.0,5.0809248131681556e-06,1.4487548930601934,Cell-to-cell communication
CCC_Receiver_TNFSF12_to_TNFRSF12A,1.7630634946175314e-05,4.48966990312647e-05,1.7630634946175314e-05,32,1.0,7.936690084474691e-06,2.546516286471255,Cell-to-cell communication
CCC_Receiver_HLA-B_to_KIR3DL2,1.6429265357641264e-05,2.8554438516312456e-05,1.6429265357641264e-05,32,1.0,5.047759276964719e-06,1.7380228448882995,Cell-to-cell communication
CCC_Sender_TNFSF12_to_TNFRSF12A,1.329819985951652e-05,2.108281575087356e-05,1.329819985951652e-05,32,1.0,3.726950495987312e-06,1.5853886972368052,Cell-to-cell communication
CCC_Receiver_HLA-C_to_KIR2DL3,1.2676723407617382e-05,2.3116441001042433e-05,1.2676723407617382e-05,32,1.0,4.086448047183962e-06,1.8235343832738258,Cell-to-cell communication
CCC_Sender_TNFSF4_to_TNFRSF4,1.166718550194647e-05,2.295057127846923e-05,1.166718550194647e-05,32,1.0,4.057126145777701e-06,1.9671043436002902,Cell-to-cell communication
CCC_Receiver_TNFSF10_to_TNFRSF10D,9.118526219376123e-06,1.7260978178022266e-05,9.118526219376123e-06,32,1.0,3.0513386798981405e-06,1.8929570155036783,Cell-to-cell communication
CCC_Sender_PVR_to_CD226,4.891352097186905e-06,1.2085803918837555e-05,4.891352097186905e-06,32,1.0,2.1364884767752464e-06,2.470851347174188,Cell-to-cell communication
CCC_Sender_PVR_to_CD96,4.8820900650852396e-06,6.087228264023925e-06,4.8820900650852396e-06,32,1.0,1.0760800960304332e-06,1.2468488255793053,Cell-to-cell communication
CCC_Sender_PVR_to_TIGIT,1.922193113935189e-06,5.363553373085514e-06,1.922193113935189e-06,32,1.0,9.481512403411868e-07,2.790330136031461,Cell-to-cell communication
