fold,held_patient,feature,importance,method
1,P1,PROGENy_Androgen,0.07863791566670277,shap_linear_training_background
1,P1,PROGENy_EGFR,0.27256976911133735,shap_linear_training_background
1,P1,PROGENy_Estrogen,0.05515667153803323,shap_linear_training_background
1,P1,PROGENy_Hypoxia,0.053048282917904095,shap_linear_training_background
1,P1,PROGENy_JAK-STAT,0.26792855492170464,shap_linear_training_background
1,P1,PROGENy_MAPK,0.15730131144857099,shap_linear_training_background
1,P1,PROGENy_NFkB,0.23901705319066327,shap_linear_training_background
1,P1,PROGENy_PI3K,0.2534221548055239,shap_linear_training_background
1,P1,PROGENy_TGFb,0.04293696335544322,shap_linear_training_background
1,P1,PROGENy_TNFa,0.2251886135756449,shap_linear_training_background
1,P1,PROGENy_Trail,0.08069615412449052,shap_linear_training_background
1,P1,PROGENy_VEGF,0.06444047157840486,shap_linear_training_background
1,P1,PROGENy_WNT,0.09179249330637487,shap_linear_training_background
1,P1,PROGENy_p53,0.16435060135804752,shap_linear_training_background
2,P10,PROGENy_Androgen,0.08792847410264062,shap_linear_training_background
2,P10,PROGENy_EGFR,0.1670771005647087,shap_linear_training_background
2,P10,PROGENy_Estrogen,0.10672597796607694,shap_linear_training_background
2,P10,PROGENy_Hypoxia,0.06952067043491758,shap_linear_training_background
2,P10,PROGENy_JAK-STAT,0.7845070360251507,shap_linear_training_background
2,P10,PROGENy_MAPK,0.19281887751048535,shap_linear_training_background
2,P10,PROGENy_NFkB,0.2332724933018193,shap_linear_training_background
2,P10,PROGENy_PI3K,0.14849334919866639,shap_linear_training_background
2,P10,PROGENy_TGFb,0.08210267601269802,shap_linear_training_background
2,P10,PROGENy_TNFa,0.21901884633670696,shap_linear_training_background
2,P10,PROGENy_Trail,0.059106324899573744,shap_linear_training_background
2,P10,PROGENy_VEGF,0.06036490670630356,shap_linear_training_background
2,P10,PROGENy_WNT,0.09282741445043285,shap_linear_training_background
2,P10,PROGENy_p53,0.15817194283992925,shap_linear_training_background
3,P11,PROGENy_Androgen,0.08351306104716306,shap_linear_training_background
3,P11,PROGENy_EGFR,0.21244435701361175,shap_linear_training_background
3,P11,PROGENy_Estrogen,0.09866510379288992,shap_linear_training_background
3,P11,PROGENy_Hypoxia,0.07413058009749372,shap_linear_training_background
3,P11,PROGENy_JAK-STAT,0.26175470786934046,shap_linear_training_background
3,P11,PROGENy_MAPK,0.1546768926792522,shap_linear_training_background
3,P11,PROGENy_NFkB,0.22413150044015984,shap_linear_training_background
3,P11,PROGENy_PI3K,0.14321480956988536,shap_linear_training_background
3,P11,PROGENy_TGFb,0.08051615064214865,shap_linear_training_background
3,P11,PROGENy_TNFa,0.23662310011473692,shap_linear_training_background
3,P11,PROGENy_Trail,0.06432618006346956,shap_linear_training_background
3,P11,PROGENy_VEGF,0.05282101988721167,shap_linear_training_background
3,P11,PROGENy_WNT,0.10013737421214679,shap_linear_training_background
3,P11,PROGENy_p53,0.1326486780873604,shap_linear_training_background
4,P12,PROGENy_Androgen,0.05797926442926992,shap_linear_training_background
4,P12,PROGENy_EGFR,0.17386449708805515,shap_linear_training_background
4,P12,PROGENy_Estrogen,0.07909516124486374,shap_linear_training_background
4,P12,PROGENy_Hypoxia,0.0679965188831829,shap_linear_training_background
4,P12,PROGENy_JAK-STAT,0.31444758555134994,shap_linear_training_background
4,P12,PROGENy_MAPK,0.12553262538734494,shap_linear_training_background
4,P12,PROGENy_NFkB,0.08529255507347723,shap_linear_training_background
4,P12,PROGENy_PI3K,0.11591058281313626,shap_linear_training_background
4,P12,PROGENy_TGFb,0.060828083957957316,shap_linear_training_background
4,P12,PROGENy_TNFa,0.10783686746383388,shap_linear_training_background
4,P12,PROGENy_Trail,0.053356855410827686,shap_linear_training_background
4,P12,PROGENy_VEGF,0.035060550105844,shap_linear_training_background
4,P12,PROGENy_WNT,0.06318586353119025,shap_linear_training_background
4,P12,PROGENy_p53,0.09762685969120216,shap_linear_training_background
5,P13,PROGENy_Androgen,0.06370470362671336,shap_linear_training_background
5,P13,PROGENy_EGFR,0.16253343104900939,shap_linear_training_background
5,P13,PROGENy_Estrogen,0.06791241075117953,shap_linear_training_background
5,P13,PROGENy_Hypoxia,0.05711793911953596,shap_linear_training_background
5,P13,PROGENy_JAK-STAT,0.3520355669972813,shap_linear_training_background
5,P13,PROGENy_MAPK,0.12000580389662882,shap_linear_training_background
5,P13,PROGENy_NFkB,0.09031703555674651,shap_linear_training_background
5,P13,PROGENy_PI3K,0.11938497137867862,shap_linear_training_background
5,P13,PROGENy_TGFb,0.060899774961253525,shap_linear_training_background
5,P13,PROGENy_TNFa,0.11058574795556318,shap_linear_training_background
5,P13,PROGENy_Trail,0.08657845927419364,shap_linear_training_background
5,P13,PROGENy_VEGF,0.045191246440199576,shap_linear_training_background
5,P13,PROGENy_WNT,0.07469495654865148,shap_linear_training_background
5,P13,PROGENy_p53,0.07848837615826271,shap_linear_training_background
6,P14,PROGENy_Androgen,0.08221204894530516,shap_linear_training_background
6,P14,PROGENy_EGFR,0.24952727778762537,shap_linear_training_background
6,P14,PROGENy_Estrogen,0.10143307524552123,shap_linear_training_background
6,P14,PROGENy_Hypoxia,0.10413743233204231,shap_linear_training_background
6,P14,PROGENy_JAK-STAT,0.40163848932761065,shap_linear_training_background
6,P14,PROGENy_MAPK,0.1654738296744353,shap_linear_training_background
6,P14,PROGENy_NFkB,0.27672581199213825,shap_linear_training_background
6,P14,PROGENy_PI3K,0.15746017455584357,shap_linear_training_background
6,P14,PROGENy_TGFb,0.09183855298066669,shap_linear_training_background
6,P14,PROGENy_TNFa,0.24797607119325918,shap_linear_training_background
6,P14,PROGENy_Trail,0.06900346866410813,shap_linear_training_background
6,P14,PROGENy_VEGF,0.0605234782493299,shap_linear_training_background
6,P14,PROGENy_WNT,0.09748468110528026,shap_linear_training_background
6,P14,PROGENy_p53,0.158687093239969,shap_linear_training_background
7,P15,PROGENy_Androgen,0.07227208126740185,shap_linear_training_background
7,P15,PROGENy_EGFR,0.19843878677774696,shap_linear_training_background
7,P15,PROGENy_Estrogen,0.1195910477841714,shap_linear_training_background
7,P15,PROGENy_Hypoxia,0.0597416934889812,shap_linear_training_background
7,P15,PROGENy_JAK-STAT,0.1781892959897969,shap_linear_training_background
7,P15,PROGENy_MAPK,0.1516019740428736,shap_linear_training_background
7,P15,PROGENy_NFkB,0.07638822614987077,shap_linear_training_background
7,P15,PROGENy_PI3K,0.11103479964028018,shap_linear_training_background
7,P15,PROGENy_TGFb,0.0590795687837558,shap_linear_training_background
7,P15,PROGENy_TNFa,0.08538497858751865,shap_linear_training_background
7,P15,PROGENy_Trail,0.06114708639512923,shap_linear_training_background
7,P15,PROGENy_VEGF,0.03345469797704196,shap_linear_training_background
7,P15,PROGENy_WNT,0.07510345713381039,shap_linear_training_background
7,P15,PROGENy_p53,0.12103944322987355,shap_linear_training_background
8,P16,PROGENy_Androgen,0.10630500945906078,shap_linear_training_background
8,P16,PROGENy_EGFR,0.20511676875912366,shap_linear_training_background
8,P16,PROGENy_Estrogen,0.09603493226694489,shap_linear_training_background
8,P16,PROGENy_Hypoxia,0.08542226870936939,shap_linear_training_background
8,P16,PROGENy_JAK-STAT,0.2982849259831765,shap_linear_training_background
8,P16,PROGENy_MAPK,0.18422034642848698,shap_linear_training_background
8,P16,PROGENy_NFkB,0.2619646486510188,shap_linear_training_background
8,P16,PROGENy_PI3K,0.17315623033393251,shap_linear_training_background
8,P16,PROGENy_TGFb,0.09996198783746667,shap_linear_training_background
8,P16,PROGENy_TNFa,0.2484819161273484,shap_linear_training_background
8,P16,PROGENy_Trail,0.05934454861620406,shap_linear_training_background
8,P16,PROGENy_VEGF,0.06259818287387275,shap_linear_training_background
8,P16,PROGENy_WNT,0.08183251571851353,shap_linear_training_background
8,P16,PROGENy_p53,0.2252903326044138,shap_linear_training_background
9,P17,PROGENy_Androgen,0.09231023327882439,shap_linear_training_background
9,P17,PROGENy_EGFR,0.18705709794718983,shap_linear_training_background
9,P17,PROGENy_Estrogen,0.09688435754439387,shap_linear_training_background
9,P17,PROGENy_Hypoxia,0.08380015527265537,shap_linear_training_background
9,P17,PROGENy_JAK-STAT,0.29816848473452073,shap_linear_training_background
9,P17,PROGENy_MAPK,0.1946214980464227,shap_linear_training_background
9,P17,PROGENy_NFkB,0.21118819968929167,shap_linear_training_background
9,P17,PROGENy_PI3K,0.14642734331142812,shap_linear_training_background
9,P17,PROGENy_TGFb,0.08978314513179557,shap_linear_training_background
9,P17,PROGENy_TNFa,0.2332904417975687,shap_linear_training_background
9,P17,PROGENy_Trail,0.07559603284203813,shap_linear_training_background
9,P17,PROGENy_VEGF,0.05349403857434325,shap_linear_training_background
9,P17,PROGENy_WNT,0.08649696966211776,shap_linear_training_background
9,P17,PROGENy_p53,0.13959308422099598,shap_linear_training_background
10,P18,PROGENy_Androgen,0.0637828872821692,shap_linear_training_background
10,P18,PROGENy_EGFR,0.1748034462340769,shap_linear_training_background
10,P18,PROGENy_Estrogen,0.0633593819833419,shap_linear_training_background
10,P18,PROGENy_Hypoxia,0.04757475800497175,shap_linear_training_background
10,P18,PROGENy_JAK-STAT,0.1921669803591975,shap_linear_training_background
10,P18,PROGENy_MAPK,0.11972432898013989,shap_linear_training_background
10,P18,PROGENy_NFkB,0.07078140776152025,shap_linear_training_background
10,P18,PROGENy_PI3K,0.11340515508411987,shap_linear_training_background
10,P18,PROGENy_TGFb,0.053938475669554196,shap_linear_training_background
10,P18,PROGENy_TNFa,0.09669346576736972,shap_linear_training_background
10,P18,PROGENy_Trail,0.15766054604237842,shap_linear_training_background
10,P18,PROGENy_VEGF,0.049791660688699,shap_linear_training_background
10,P18,PROGENy_WNT,0.07198494685939598,shap_linear_training_background
10,P18,PROGENy_p53,0.08393907695547519,shap_linear_training_background
11,P19,PROGENy_Androgen,0.08802925270385059,shap_linear_training_background
11,P19,PROGENy_EGFR,0.22321394609259015,shap_linear_training_background
11,P19,PROGENy_Estrogen,0.10773023905186463,shap_linear_training_background
11,P19,PROGENy_Hypoxia,0.0859545113575976,shap_linear_training_background
11,P19,PROGENy_JAK-STAT,0.4298287683214911,shap_linear_training_background
11,P19,PROGENy_MAPK,0.17358287273680706,shap_linear_training_background
11,P19,PROGENy_NFkB,0.24163945834868897,shap_linear_training_background
11,P19,PROGENy_PI3K,0.1389492181028392,shap_linear_training_background
11,P19,PROGENy_TGFb,0.10333674863311434,shap_linear_training_background
11,P19,PROGENy_TNFa,0.23817388161698835,shap_linear_training_background
11,P19,PROGENy_Trail,0.05672476976105513,shap_linear_training_background
11,P19,PROGENy_VEGF,0.054329686587169496,shap_linear_training_background
11,P19,PROGENy_WNT,0.0995925259748005,shap_linear_training_background
11,P19,PROGENy_p53,0.147028358479838,shap_linear_training_background
12,P2,PROGENy_Androgen,0.08106586619382206,shap_linear_training_background
12,P2,PROGENy_EGFR,0.18494454147017442,shap_linear_training_background
12,P2,PROGENy_Estrogen,0.09750331378660516,shap_linear_training_background
12,P2,PROGENy_Hypoxia,0.08981780177108444,shap_linear_training_background
12,P2,PROGENy_JAK-STAT,0.35711015035796834,shap_linear_training_background
12,P2,PROGENy_MAPK,0.17496349521077328,shap_linear_training_background
12,P2,PROGENy_NFkB,0.23615302277294684,shap_linear_training_background
12,P2,PROGENy_PI3K,0.17535457432075569,shap_linear_training_background
12,P2,PROGENy_TGFb,0.09649833219202872,shap_linear_training_background
12,P2,PROGENy_TNFa,0.2192754784344982,shap_linear_training_background
12,P2,PROGENy_Trail,0.05597434793906533,shap_linear_training_background
12,P2,PROGENy_VEGF,0.06169932029846446,shap_linear_training_background
12,P2,PROGENy_WNT,0.08304268766295106,shap_linear_training_background
12,P2,PROGENy_p53,0.19681118848446075,shap_linear_training_background
13,P20,PROGENy_Androgen,0.08784593946580577,shap_linear_training_background
13,P20,PROGENy_EGFR,0.2063895924355647,shap_linear_training_background
13,P20,PROGENy_Estrogen,0.09125119548049397,shap_linear_training_background
13,P20,PROGENy_Hypoxia,0.07820092510232016,shap_linear_training_background
13,P20,PROGENy_JAK-STAT,0.3374338705201572,shap_linear_training_background
13,P20,PROGENy_MAPK,0.15718017586385377,shap_linear_training_background
13,P20,PROGENy_NFkB,0.19954600855342275,shap_linear_training_background
13,P20,PROGENy_PI3K,0.18274402848506868,shap_linear_training_background
13,P20,PROGENy_TGFb,0.09915728600513138,shap_linear_training_background
13,P20,PROGENy_TNFa,0.19499535815527164,shap_linear_training_background
13,P20,PROGENy_Trail,0.04343113505183983,shap_linear_training_background
13,P20,PROGENy_VEGF,0.06750776684783998,shap_linear_training_background
13,P20,PROGENy_WNT,0.0858200152684153,shap_linear_training_background
13,P20,PROGENy_p53,0.2069389265749262,shap_linear_training_background
14,P21,PROGENy_Androgen,0.10502776742622023,shap_linear_training_background
14,P21,PROGENy_EGFR,0.18937989030347002,shap_linear_training_background
14,P21,PROGENy_Estrogen,0.1005809139344906,shap_linear_training_background
14,P21,PROGENy_Hypoxia,0.06733412943860882,shap_linear_training_background
14,P21,PROGENy_JAK-STAT,0.3378139270470483,shap_linear_training_background
14,P21,PROGENy_MAPK,0.20068543291592372,shap_linear_training_background
14,P21,PROGENy_NFkB,0.20517632254054502,shap_linear_training_background
14,P21,PROGENy_PI3K,0.16302732320596622,shap_linear_training_background
14,P21,PROGENy_TGFb,0.10255323256730482,shap_linear_training_background
14,P21,PROGENy_TNFa,0.21140829575413125,shap_linear_training_background
14,P21,PROGENy_Trail,0.07898804483387704,shap_linear_training_background
14,P21,PROGENy_VEGF,0.05501657267733674,shap_linear_training_background
14,P21,PROGENy_WNT,0.09693050932248588,shap_linear_training_background
14,P21,PROGENy_p53,0.14301809866073006,shap_linear_training_background
15,P22,PROGENy_Androgen,0.07793953268835718,shap_linear_training_background
15,P22,PROGENy_EGFR,0.18200977343748495,shap_linear_training_background
15,P22,PROGENy_Estrogen,0.09271317669790687,shap_linear_training_background
15,P22,PROGENy_Hypoxia,0.08267797443952013,shap_linear_training_background
15,P22,PROGENy_JAK-STAT,0.29584922325577595,shap_linear_training_background
15,P22,PROGENy_MAPK,0.16593704246653324,shap_linear_training_background
15,P22,PROGENy_NFkB,0.2748875782461444,shap_linear_training_background
15,P22,PROGENy_PI3K,0.14159351770509643,shap_linear_training_background
15,P22,PROGENy_TGFb,0.09583809735813106,shap_linear_training_background
15,P22,PROGENy_TNFa,0.25287067197648433,shap_linear_training_background
15,P22,PROGENy_Trail,0.05625343206584972,shap_linear_training_background
15,P22,PROGENy_VEGF,0.06044804678151246,shap_linear_training_background
15,P22,PROGENy_WNT,0.08317039757085214,shap_linear_training_background
15,P22,PROGENy_p53,0.21915944392840853,shap_linear_training_background
16,P23,PROGENy_Androgen,0.08122404727331292,shap_linear_training_background
16,P23,PROGENy_EGFR,0.1960604205715514,shap_linear_training_background
16,P23,PROGENy_Estrogen,0.10166048154252169,shap_linear_training_background
16,P23,PROGENy_Hypoxia,0.09675810178206615,shap_linear_training_background
16,P23,PROGENy_JAK-STAT,0.3898978968987495,shap_linear_training_background
16,P23,PROGENy_MAPK,0.14935572344454345,shap_linear_training_background
16,P23,PROGENy_NFkB,0.23942270866276696,shap_linear_training_background
16,P23,PROGENy_PI3K,0.15220982299361396,shap_linear_training_background
16,P23,PROGENy_TGFb,0.09860235806778839,shap_linear_training_background
16,P23,PROGENy_TNFa,0.20469629053107588,shap_linear_training_background
16,P23,PROGENy_Trail,0.05527795546105814,shap_linear_training_background
16,P23,PROGENy_VEGF,0.07365317908556267,shap_linear_training_background
16,P23,PROGENy_WNT,0.07330330133828739,shap_linear_training_background
16,P23,PROGENy_p53,0.18405283988773552,shap_linear_training_background
17,P24,PROGENy_Androgen,0.07345105742351271,shap_linear_training_background
17,P24,PROGENy_EGFR,0.19150846424970475,shap_linear_training_background
17,P24,PROGENy_Estrogen,0.09080295791343243,shap_linear_training_background
17,P24,PROGENy_Hypoxia,0.0628007144013855,shap_linear_training_background
17,P24,PROGENy_JAK-STAT,0.30960906112122166,shap_linear_training_background
17,P24,PROGENy_MAPK,0.1446410254782957,shap_linear_training_background
17,P24,PROGENy_NFkB,0.2112251803000578,shap_linear_training_background
17,P24,PROGENy_PI3K,0.13656895026816088,shap_linear_training_background
17,P24,PROGENy_TGFb,0.10035026996633639,shap_linear_training_background
17,P24,PROGENy_TNFa,0.22151320380249317,shap_linear_training_background
17,P24,PROGENy_Trail,0.0745425534937101,shap_linear_training_background
17,P24,PROGENy_VEGF,0.06470550440471469,shap_linear_training_background
17,P24,PROGENy_WNT,0.08883280563607011,shap_linear_training_background
17,P24,PROGENy_p53,0.12476609615648192,shap_linear_training_background
18,P25,PROGENy_Androgen,0.10476900672821653,shap_linear_training_background
18,P25,PROGENy_EGFR,0.1940850632005874,shap_linear_training_background
18,P25,PROGENy_Estrogen,0.08907688820425026,shap_linear_training_background
18,P25,PROGENy_Hypoxia,0.07634666095657548,shap_linear_training_background
18,P25,PROGENy_JAK-STAT,0.2958199905820969,shap_linear_training_background
18,P25,PROGENy_MAPK,0.17327090551888652,shap_linear_training_background
18,P25,PROGENy_NFkB,0.2567339287747598,shap_linear_training_background
18,P25,PROGENy_PI3K,0.151994923235332,shap_linear_training_background
18,P25,PROGENy_TGFb,0.10737191077065378,shap_linear_training_background
18,P25,PROGENy_TNFa,0.22908554669693548,shap_linear_training_background
18,P25,PROGENy_Trail,0.053223891019167864,shap_linear_training_background
18,P25,PROGENy_VEGF,0.06186328005437813,shap_linear_training_background
18,P25,PROGENy_WNT,0.08424657249919389,shap_linear_training_background
18,P25,PROGENy_p53,0.120117083588832,shap_linear_training_background
19,P26,PROGENy_Androgen,0.10049184223292805,shap_linear_training_background
19,P26,PROGENy_EGFR,0.25161427896765415,shap_linear_training_background
19,P26,PROGENy_Estrogen,0.09590540238442721,shap_linear_training_background
19,P26,PROGENy_Hypoxia,0.05856587436900644,shap_linear_training_background
19,P26,PROGENy_JAK-STAT,0.40243045044294457,shap_linear_training_background
19,P26,PROGENy_MAPK,0.16978517764145756,shap_linear_training_background
19,P26,PROGENy_NFkB,0.23490712257493632,shap_linear_training_background
19,P26,PROGENy_PI3K,0.1297393553345383,shap_linear_training_background
19,P26,PROGENy_TGFb,0.10886316267626862,shap_linear_training_background
19,P26,PROGENy_TNFa,0.21655743333924973,shap_linear_training_background
19,P26,PROGENy_Trail,0.07547124578449177,shap_linear_training_background
19,P26,PROGENy_VEGF,0.03814967162404801,shap_linear_training_background
19,P26,PROGENy_WNT,0.08680361914918376,shap_linear_training_background
19,P26,PROGENy_p53,0.20205100821198102,shap_linear_training_background
20,P27,PROGENy_Androgen,0.06134396165295545,shap_linear_training_background
20,P27,PROGENy_EGFR,0.15713099186466256,shap_linear_training_background
20,P27,PROGENy_Estrogen,0.07701751910193759,shap_linear_training_background
20,P27,PROGENy_Hypoxia,0.060391375867300874,shap_linear_training_background
20,P27,PROGENy_JAK-STAT,0.5094899639111865,shap_linear_training_background
20,P27,PROGENy_MAPK,0.13821145508081548,shap_linear_training_background
20,P27,PROGENy_NFkB,0.07234812715099723,shap_linear_training_background
20,P27,PROGENy_PI3K,0.10006533460866669,shap_linear_training_background
20,P27,PROGENy_TGFb,0.05292841896927717,shap_linear_training_background
20,P27,PROGENy_TNFa,0.09965251828526324,shap_linear_training_background
20,P27,PROGENy_Trail,0.05835713189671434,shap_linear_training_background
20,P27,PROGENy_VEGF,0.040603901015376434,shap_linear_training_background
20,P27,PROGENy_WNT,0.07041580497761518,shap_linear_training_background
20,P27,PROGENy_p53,0.08343481824703401,shap_linear_training_background
21,P28,PROGENy_Androgen,0.06201275474941367,shap_linear_training_background
21,P28,PROGENy_EGFR,0.2820718790761551,shap_linear_training_background
21,P28,PROGENy_Estrogen,0.09998923302560457,shap_linear_training_background
21,P28,PROGENy_Hypoxia,0.13426771009091681,shap_linear_training_background
21,P28,PROGENy_JAK-STAT,0.40679049963691616,shap_linear_training_background
21,P28,PROGENy_MAPK,0.2585475335072363,shap_linear_training_background
21,P28,PROGENy_NFkB,0.2808239113858897,shap_linear_training_background
21,P28,PROGENy_PI3K,0.19258228562513438,shap_linear_training_background
21,P28,PROGENy_TGFb,0.1229204824763507,shap_linear_training_background
21,P28,PROGENy_TNFa,0.27425097702451706,shap_linear_training_background
21,P28,PROGENy_Trail,0.05104568993000531,shap_linear_training_background
21,P28,PROGENy_VEGF,0.06961060267747368,shap_linear_training_background
21,P28,PROGENy_WNT,0.0773166656478674,shap_linear_training_background
21,P28,PROGENy_p53,0.24357012683313964,shap_linear_training_background
22,P29,PROGENy_Androgen,0.10149902803297053,shap_linear_training_background
22,P29,PROGENy_EGFR,0.20759082488256883,shap_linear_training_background
22,P29,PROGENy_Estrogen,0.12544991699207503,shap_linear_training_background
22,P29,PROGENy_Hypoxia,0.12105326311977445,shap_linear_training_background
22,P29,PROGENy_JAK-STAT,0.7140905952213484,shap_linear_training_background
22,P29,PROGENy_MAPK,0.1760398265593346,shap_linear_training_background
22,P29,PROGENy_NFkB,0.21552861554036193,shap_linear_training_background
22,P29,PROGENy_PI3K,0.1502313117659785,shap_linear_training_background
22,P29,PROGENy_TGFb,0.10478718827040008,shap_linear_training_background
22,P29,PROGENy_TNFa,0.19575002809617612,shap_linear_training_background
22,P29,PROGENy_Trail,0.07002200691075015,shap_linear_training_background
22,P29,PROGENy_VEGF,0.05147604776862154,shap_linear_training_background
22,P29,PROGENy_WNT,0.07175724480571256,shap_linear_training_background
22,P29,PROGENy_p53,0.19763017046348583,shap_linear_training_background
23,P3,PROGENy_Androgen,0.04391997148135641,shap_linear_training_background
23,P3,PROGENy_EGFR,0.14174298755028136,shap_linear_training_background
23,P3,PROGENy_Estrogen,0.05481914546721544,shap_linear_training_background
23,P3,PROGENy_Hypoxia,0.02943181121005908,shap_linear_training_background
23,P3,PROGENy_JAK-STAT,0.1333009750825004,shap_linear_training_background
23,P3,PROGENy_MAPK,0.10177669154272219,shap_linear_training_background
23,P3,PROGENy_NFkB,0.026507669506592748,shap_linear_training_background
23,P3,PROGENy_PI3K,0.07098266862984896,shap_linear_training_background
23,P3,PROGENy_TGFb,0.05276645656312139,shap_linear_training_background
23,P3,PROGENy_TNFa,0.06053379935106022,shap_linear_training_background
23,P3,PROGENy_Trail,0.038998054794936475,shap_linear_training_background
23,P3,PROGENy_VEGF,0.01900972405904945,shap_linear_training_background
23,P3,PROGENy_WNT,0.05306759252087881,shap_linear_training_background
23,P3,PROGENy_p53,0.05992183380289098,shap_linear_training_background
24,P30,PROGENy_Androgen,0.08707516090663071,shap_linear_training_background
24,P30,PROGENy_EGFR,0.19425505209139915,shap_linear_training_background
24,P30,PROGENy_Estrogen,0.10078449060335205,shap_linear_training_background
24,P30,PROGENy_Hypoxia,0.08994926999793636,shap_linear_training_background
24,P30,PROGENy_JAK-STAT,0.30075164286296724,shap_linear_training_background
24,P30,PROGENy_MAPK,0.21625989725067873,shap_linear_training_background
24,P30,PROGENy_NFkB,0.19148872775367476,shap_linear_training_background
24,P30,PROGENy_PI3K,0.1658091672716996,shap_linear_training_background
24,P30,PROGENy_TGFb,0.08916347889334361,shap_linear_training_background
24,P30,PROGENy_TNFa,0.20973327881147877,shap_linear_training_background
24,P30,PROGENy_Trail,0.06313587086742553,shap_linear_training_background
24,P30,PROGENy_VEGF,0.08080728292181094,shap_linear_training_background
24,P30,PROGENy_WNT,0.09282141299684231,shap_linear_training_background
24,P30,PROGENy_p53,0.19596313063343365,shap_linear_training_background
25,P31,PROGENy_Androgen,0.10333952212462212,shap_linear_training_background
25,P31,PROGENy_EGFR,0.19212133092769287,shap_linear_training_background
25,P31,PROGENy_Estrogen,0.13216807989810705,shap_linear_training_background
25,P31,PROGENy_Hypoxia,0.07832352523274672,shap_linear_training_background
25,P31,PROGENy_JAK-STAT,0.27252735931467414,shap_linear_training_background
25,P31,PROGENy_MAPK,0.1983754131061329,shap_linear_training_background
25,P31,PROGENy_NFkB,0.23760478204654376,shap_linear_training_background
25,P31,PROGENy_PI3K,0.17318016052675678,shap_linear_training_background
25,P31,PROGENy_TGFb,0.11452668969305928,shap_linear_training_background
25,P31,PROGENy_TNFa,0.2217560378955126,shap_linear_training_background
25,P31,PROGENy_Trail,0.058016047759035905,shap_linear_training_background
25,P31,PROGENy_VEGF,0.06219831081151812,shap_linear_training_background
25,P31,PROGENy_WNT,0.09004002312345209,shap_linear_training_background
25,P31,PROGENy_p53,0.21241628911701835,shap_linear_training_background
26,P33,PROGENy_Androgen,0.09622953518406571,shap_linear_training_background
26,P33,PROGENy_EGFR,0.25777462282435726,shap_linear_training_background
26,P33,PROGENy_Estrogen,0.08517694644946634,shap_linear_training_background
26,P33,PROGENy_Hypoxia,0.07145448787230266,shap_linear_training_background
26,P33,PROGENy_JAK-STAT,0.3739073425000187,shap_linear_training_background
26,P33,PROGENy_MAPK,0.16506283681585196,shap_linear_training_background
26,P33,PROGENy_NFkB,0.19711433330512418,shap_linear_training_background
26,P33,PROGENy_PI3K,0.13336529156099608,shap_linear_training_background
26,P33,PROGENy_TGFb,0.11742251258904296,shap_linear_training_background
26,P33,PROGENy_TNFa,0.1730589817686866,shap_linear_training_background
26,P33,PROGENy_Trail,0.07592979273175546,shap_linear_training_background
26,P33,PROGENy_VEGF,0.06909396872334606,shap_linear_training_background
26,P33,PROGENy_WNT,0.09012166777862114,shap_linear_training_background
26,P33,PROGENy_p53,0.150031790121219,shap_linear_training_background
27,P35,PROGENy_Androgen,0.09557814408925697,shap_linear_training_background
27,P35,PROGENy_EGFR,0.26526725049376293,shap_linear_training_background
27,P35,PROGENy_Estrogen,0.10732516643898964,shap_linear_training_background
27,P35,PROGENy_Hypoxia,0.07475814435675184,shap_linear_training_background
27,P35,PROGENy_JAK-STAT,0.35541996435881246,shap_linear_training_background
27,P35,PROGENy_MAPK,0.2026593317315875,shap_linear_training_background
27,P35,PROGENy_NFkB,0.19057043681519736,shap_linear_training_background
27,P35,PROGENy_PI3K,0.13312923977010419,shap_linear_training_background
27,P35,PROGENy_TGFb,0.09149773555841395,shap_linear_training_background
27,P35,PROGENy_TNFa,0.20995986559430002,shap_linear_training_background
27,P35,PROGENy_Trail,0.07386052165232204,shap_linear_training_background
27,P35,PROGENy_VEGF,0.0581013376918091,shap_linear_training_background
27,P35,PROGENy_WNT,0.08393191587953137,shap_linear_training_background
27,P35,PROGENy_p53,0.14317600959203705,shap_linear_training_background
28,P4,PROGENy_Androgen,0.09776296579094979,shap_linear_training_background
28,P4,PROGENy_EGFR,0.24125407310048336,shap_linear_training_background
28,P4,PROGENy_Estrogen,0.10767212229272727,shap_linear_training_background
28,P4,PROGENy_Hypoxia,0.07049100913990182,shap_linear_training_background
28,P4,PROGENy_JAK-STAT,0.543091590086424,shap_linear_training_background
28,P4,PROGENy_MAPK,0.19363189837245012,shap_linear_training_background
28,P4,PROGENy_NFkB,0.2231911580500435,shap_linear_training_background
28,P4,PROGENy_PI3K,0.16922550804572076,shap_linear_training_background
28,P4,PROGENy_TGFb,0.10290554964236412,shap_linear_training_background
28,P4,PROGENy_TNFa,0.20389131066278066,shap_linear_training_background
28,P4,PROGENy_Trail,0.07490526916420914,shap_linear_training_background
28,P4,PROGENy_VEGF,0.05477920128839792,shap_linear_training_background
28,P4,PROGENy_WNT,0.09792386317414518,shap_linear_training_background
28,P4,PROGENy_p53,0.18419656421734495,shap_linear_training_background
29,P5,PROGENy_Androgen,0.0789089649277871,shap_linear_training_background
29,P5,PROGENy_EGFR,0.15727194356790977,shap_linear_training_background
29,P5,PROGENy_Estrogen,0.08331723014033068,shap_linear_training_background
29,P5,PROGENy_Hypoxia,0.06317728158379858,shap_linear_training_background
29,P5,PROGENy_JAK-STAT,0.23372940343484014,shap_linear_training_background
29,P5,PROGENy_MAPK,0.14167142086499185,shap_linear_training_background
29,P5,PROGENy_NFkB,0.08376477209744629,shap_linear_training_background
29,P5,PROGENy_PI3K,0.10688576558864883,shap_linear_training_background
29,P5,PROGENy_TGFb,0.06557295418858108,shap_linear_training_background
29,P5,PROGENy_TNFa,0.10932425313459862,shap_linear_training_background
29,P5,PROGENy_Trail,0.06556547089857946,shap_linear_training_background
29,P5,PROGENy_VEGF,0.03603823510714409,shap_linear_training_background
29,P5,PROGENy_WNT,0.06734440401938815,shap_linear_training_background
29,P5,PROGENy_p53,0.09336582708848934,shap_linear_training_background
30,P6,PROGENy_Androgen,0.04523530780426155,shap_linear_training_background
30,P6,PROGENy_EGFR,0.13344728725339527,shap_linear_training_background
30,P6,PROGENy_Estrogen,0.05411543373595634,shap_linear_training_background
30,P6,PROGENy_Hypoxia,0.04474319553877714,shap_linear_training_background
30,P6,PROGENy_JAK-STAT,0.13002099643492748,shap_linear_training_background
30,P6,PROGENy_MAPK,0.117187085293808,shap_linear_training_background
30,P6,PROGENy_NFkB,0.039153835563815687,shap_linear_training_background
30,P6,PROGENy_PI3K,0.0938185460920122,shap_linear_training_background
30,P6,PROGENy_TGFb,0.04121752248241002,shap_linear_training_background
30,P6,PROGENy_TNFa,0.05168199122579929,shap_linear_training_background
30,P6,PROGENy_Trail,0.04054002848081047,shap_linear_training_background
30,P6,PROGENy_VEGF,0.029902694576320457,shap_linear_training_background
30,P6,PROGENy_WNT,0.055467185636073106,shap_linear_training_background
30,P6,PROGENy_p53,0.10222560066166375,shap_linear_training_background
31,P7,PROGENy_Androgen,0.11465338978788578,shap_linear_training_background
31,P7,PROGENy_EGFR,0.2123464474550246,shap_linear_training_background
31,P7,PROGENy_Estrogen,0.14821665556806754,shap_linear_training_background
31,P7,PROGENy_Hypoxia,0.07193924794852308,shap_linear_training_background
31,P7,PROGENy_JAK-STAT,0.3444790734792426,shap_linear_training_background
31,P7,PROGENy_MAPK,0.15932542260544802,shap_linear_training_background
31,P7,PROGENy_NFkB,0.22023230021082674,shap_linear_training_background
31,P7,PROGENy_PI3K,0.1449606404395902,shap_linear_training_background
31,P7,PROGENy_TGFb,0.09471692320269083,shap_linear_training_background
31,P7,PROGENy_TNFa,0.25779297405464163,shap_linear_training_background
31,P7,PROGENy_Trail,0.0657059634468557,shap_linear_training_background
31,P7,PROGENy_VEGF,0.09021803816581549,shap_linear_training_background
31,P7,PROGENy_WNT,0.09488476433229572,shap_linear_training_background
31,P7,PROGENy_p53,0.18194968442498835,shap_linear_training_background
32,P8,PROGENy_Androgen,0.05252022434405852,shap_linear_training_background
32,P8,PROGENy_EGFR,0.12551896545598173,shap_linear_training_background
32,P8,PROGENy_Estrogen,0.03969437327233499,shap_linear_training_background
32,P8,PROGENy_Hypoxia,0.021907320222034253,shap_linear_training_background
32,P8,PROGENy_JAK-STAT,0.1330239464039439,shap_linear_training_background
32,P8,PROGENy_MAPK,0.08036272851646001,shap_linear_training_background
32,P8,PROGENy_NFkB,0.02053821489023188,shap_linear_training_background
32,P8,PROGENy_PI3K,0.061961161117305985,shap_linear_training_background
32,P8,PROGENy_TGFb,0.043521268459095125,shap_linear_training_background
32,P8,PROGENy_TNFa,0.048593498115019354,shap_linear_training_background
32,P8,PROGENy_Trail,0.052446520927412754,shap_linear_training_background
32,P8,PROGENy_VEGF,0.027285558497204553,shap_linear_training_background
32,P8,PROGENy_WNT,0.06347669487076328,shap_linear_training_background
32,P8,PROGENy_p53,0.04922759795157178,shap_linear_training_background
